{
	"info": {
		"_postman_id": "0aa2ac76-5461-402a-871e-5b22a8081474",
		"name": "PatientsApp",
		"schema": "https://schema.getpostman.com/json/collection/v2.1.0/collection.json"
	},
	"item": [
		{
			"name": "Medicos",
			"item": [
				{
					"name": "Ver Medico",
					"request": {
						"method": "GET",
						"header": [
							{
								"key": "Authorization",
								"type": "text",
								"value": "Bearer {{AuthToken}}",
								"disabled": true
							},
							{
								"key": "x-access-token",
								"value": "{{AuthToken}}",
								"type": "text"
							}
						],
						"url": {
							"raw": "http://{{host}}:3000/doctor",
							"protocol": "http",
							"host": [
								"{{host}}"
							],
							"port": "3000",
							"path": [
								"doctor"
							],
							"query": [
								{
									"key": "email",
									"value": "hkfuertes@hotmail.com",
									"disabled": true
								}
							]
						}
					},
					"response": []
				}
			],
			"protocolProfileBehavior": {}
		},
		{
			"name": "Autenticacion",
			"item": [
				{
					"name": "Login",
					"event": [
						{
							"listen": "test",
							"script": {
								"id": "5d848e82-e618-478b-b982-a82c8be229f9",
								"exec": [
									"var response = JSON.parse(pm.response.text())",
									"",
									"pm.environment.set(\"AuthToken\", response.access_token);",
									"pm.environment.set(\"RefreshToken\", response.refresh_token);"
								],
								"type": "text/javascript"
							}
						}
					],
					"request": {
						"method": "POST",
						"header": [
							{
								"key": "Content-Type",
								"value": "application/json",
								"type": "text"
							}
						],
						"body": {
							"mode": "urlencoded",
							"urlencoded": [
								{
									"key": "email",
									"value": "jfuertes8@hotmail.com",
									"type": "text"
								},
								{
									"key": "password",
									"value": "password",
									"type": "text"
								}
							]
						},
						"url": {
							"raw": "http://{{host}}:3000/auth",
							"protocol": "http",
							"host": [
								"{{host}}"
							],
							"port": "3000",
							"path": [
								"auth"
							]
						}
					},
					"response": []
				},
				{
					"name": "Refresh",
					"event": [
						{
							"listen": "test",
							"script": {
								"id": "5d848e82-e618-478b-b982-a82c8be229f9",
								"exec": [
									"var response = JSON.parse(pm.response.text())",
									"",
									"pm.environment.set(\"AuthToken\", response.access_token);"
								],
								"type": "text/javascript"
							}
						}
					],
					"request": {
						"method": "POST",
						"header": [
							{
								"key": "Authorization",
								"value": "Bearer {{RefreshToken}}",
								"type": "text"
							}
						],
						"body": {
							"mode": "raw",
							"raw": ""
						},
						"url": {
							"raw": "http://{{host}}:{{port}}/refresh",
							"protocol": "http",
							"host": [
								"{{host}}"
							],
							"port": "{{port}}",
							"path": [
								"refresh"
							]
						}
					},
					"response": []
				},
				{
					"name": "Login (para poder borrar)",
					"event": [
						{
							"listen": "test",
							"script": {
								"id": "5d848e82-e618-478b-b982-a82c8be229f9",
								"exec": [
									"var response = JSON.parse(pm.response.text())",
									"",
									"pm.environment.set(\"AuthToken\", response.access_token);",
									"pm.environment.set(\"RefreshToken\", response.refresh_token);"
								],
								"type": "text/javascript"
							}
						}
					],
					"request": {
						"method": "POST",
						"header": [
							{
								"key": "Content-Type",
								"type": "text",
								"value": "application/json"
							}
						],
						"body": {
							"mode": "raw",
							"raw": "{\r\n    \"username\": \"hkfuertes@hotmail.com\",\r\n    \"password\": \"password\"\r\n}"
						},
						"url": {
							"raw": "http://{{host}}:{{port}}/auth",
							"protocol": "http",
							"host": [
								"{{host}}"
							],
							"port": "{{port}}",
							"path": [
								"auth"
							]
						}
					},
					"response": []
				}
			],
			"protocolProfileBehavior": {}
		},
		{
			"name": "Pacientes",
			"item": [
				{
					"name": "Ver Paciente",
					"request": {
						"method": "GET",
						"header": [
							{
								"key": "Authorization",
								"type": "text",
								"value": "Bearer {{AuthToken}}",
								"disabled": true
							},
							{
								"key": "x-access-token",
								"value": "{{AuthToken}}",
								"type": "text"
							}
						],
						"url": {
							"raw": "http://{{host}}:3000/patient",
							"protocol": "http",
							"host": [
								"{{host}}"
							],
							"port": "3000",
							"path": [
								"patient"
							],
							"query": [
								{
									"key": "email",
									"value": "hkfuertes@hotmail.com",
									"disabled": true
								}
							]
						}
					},
					"response": []
				},
				{
					"name": "Actualizar Paciente",
					"request": {
						"method": "PUT",
						"header": [
							{
								"key": "Content-Type",
								"name": "Content-Type",
								"type": "text",
								"value": "application/x-www-form-urlencoded",
								"disabled": true
							},
							{
								"key": "Authorization",
								"type": "text",
								"value": "Bearer {{AuthToken}}"
							}
						],
						"body": {
							"mode": "formdata",
							"formdata": [
								{
									"key": "email",
									"value": "hkfuertes@hotmail.com",
									"type": "text",
									"disabled": true
								},
								{
									"key": "password",
									"value": "password",
									"type": "text",
									"disabled": true
								},
								{
									"key": "name",
									"value": "Miguela",
									"type": "text",
									"disabled": true
								},
								{
									"key": "lastName",
									"value": "Fuertes",
									"type": "text",
									"disabled": true
								},
								{
									"key": "gender",
									"value": "Female",
									"type": "text",
									"disabled": true
								},
								{
									"key": "birthday",
									"value": "1994-06-04",
									"type": "text",
									"disabled": true
								},
								{
									"key": "height",
									"value": "175",
									"type": "text"
								}
							]
						},
						"url": {
							"raw": "http://{{host}}:{{port}}/api/v1/patient/1",
							"protocol": "http",
							"host": [
								"{{host}}"
							],
							"port": "{{port}}",
							"path": [
								"api",
								"v1",
								"patient",
								"1"
							]
						}
					},
					"response": []
				}
			],
			"protocolProfileBehavior": {}
		},
		{
			"name": "Medidas",
			"item": [
				{
					"name": "Enviar Pulso",
					"request": {
						"method": "POST",
						"header": [
							{
								"key": "Content-Type",
								"name": "Content-Type",
								"value": "application/x-www-form-urlencoded",
								"type": "text"
							},
							{
								"key": "Authorization",
								"type": "text",
								"value": "Bearer {{AuthToken}}"
							},
							{
								"key": "x-access-token",
								"value": "{{AuthToken}}",
								"type": "text"
							}
						],
						"body": {
							"mode": "formdata",
							"formdata": [
								{
									"key": "pulse",
									"value": "126",
									"type": "text"
								}
							]
						},
						"url": {
							"raw": "http://{{host}}:3000/measures/pulse",
							"protocol": "http",
							"host": [
								"{{host}}"
							],
							"port": "3000",
							"path": [
								"measures",
								"pulse"
							]
						}
					},
					"response": []
				},
				{
					"name": "Enviar Peso",
					"request": {
						"method": "POST",
						"header": [
							{
								"key": "Content-Type",
								"name": "Content-Type",
								"type": "text",
								"value": "application/x-www-form-urlencoded"
							},
							{
								"key": "Authorization",
								"type": "text",
								"value": "Bearer {{AuthToken}}"
							},
							{
								"key": "x-access-token",
								"value": "{{AuthToken}}",
								"type": "text"
							}
						],
						"body": {
							"mode": "urlencoded",
							"urlencoded": [
								{
									"key": "weight",
									"value": "120",
									"type": "text"
								}
							]
						},
						"url": {
							"raw": "http://{{host}}:3000/measures/weight",
							"protocol": "http",
							"host": [
								"{{host}}"
							],
							"port": "3000",
							"path": [
								"measures",
								"weight"
							]
						}
					},
					"response": []
				},
				{
					"name": "Ver Pesos",
					"protocolProfileBehavior": {
						"disableBodyPruning": true
					},
					"request": {
						"method": "GET",
						"header": [
							{
								"key": "Content-Type",
								"name": "Content-Type",
								"type": "text",
								"value": "application/x-www-form-urlencoded"
							},
							{
								"key": "Authorization",
								"type": "text",
								"value": "Bearer {{AuthToken}}"
							},
							{
								"key": "x-access-token",
								"value": "{{AuthToken}}",
								"type": "text"
							}
						],
						"body": {
							"mode": "formdata",
							"formdata": [
								{
									"key": "weight",
									"value": "119",
									"type": "text"
								}
							]
						},
						"url": {
							"raw": "http://{{host}}:3000/measures/weight",
							"protocol": "http",
							"host": [
								"{{host}}"
							],
							"port": "3000",
							"path": [
								"measures",
								"weight"
							]
						}
					},
					"response": []
				},
				{
					"name": "Ver Pulso",
					"protocolProfileBehavior": {
						"disableBodyPruning": true
					},
					"request": {
						"method": "GET",
						"header": [
							{
								"key": "Content-Type",
								"name": "Content-Type",
								"type": "text",
								"value": "application/x-www-form-urlencoded"
							},
							{
								"key": "Authorization",
								"type": "text",
								"value": "Bearer {{AuthToken}}"
							},
							{
								"key": "x-access-token",
								"value": "{{AuthToken}}",
								"type": "text"
							}
						],
						"body": {
							"mode": "formdata",
							"formdata": [
								{
									"key": "pulse",
									"value": "126",
									"type": "text"
								}
							]
						},
						"url": {
							"raw": "http://{{host}}:3000/measures/pulse",
							"protocol": "http",
							"host": [
								"{{host}}"
							],
							"port": "3000",
							"path": [
								"measures",
								"pulse"
							]
						}
					},
					"response": []
				},
				{
					"name": "Enviar Presion",
					"request": {
						"method": "POST",
						"header": [
							{
								"key": "Content-Type",
								"name": "Content-Type",
								"type": "text",
								"value": "application/x-www-form-urlencoded"
							},
							{
								"key": "Authorization",
								"type": "text",
								"value": "Bearer {{AuthToken}}"
							},
							{
								"key": "x-access-token",
								"value": "{{AuthToken}}",
								"type": "text"
							}
						],
						"body": {
							"mode": "formdata",
							"formdata": [
								{
									"key": "pulse",
									"value": "100",
									"type": "text"
								},
								{
									"key": "high",
									"value": "120",
									"type": "text"
								},
								{
									"key": "low",
									"value": "90",
									"type": "text"
								}
							]
						},
						"url": {
							"raw": "http://{{host}}:3000/measures/pressure",
							"protocol": "http",
							"host": [
								"{{host}}"
							],
							"port": "3000",
							"path": [
								"measures",
								"pressure"
							]
						}
					},
					"response": []
				},
				{
					"name": "Ver Presion",
					"protocolProfileBehavior": {
						"disableBodyPruning": true
					},
					"request": {
						"method": "GET",
						"header": [
							{
								"key": "Content-Type",
								"name": "Content-Type",
								"type": "text",
								"value": "application/x-www-form-urlencoded"
							},
							{
								"key": "Authorization",
								"type": "text",
								"value": "Bearer {{AuthToken}}"
							},
							{
								"key": "x-access-token",
								"value": "{{AuthToken}}",
								"type": "text"
							}
						],
						"body": {
							"mode": "formdata",
							"formdata": [
								{
									"key": "pulse",
									"value": "100",
									"type": "text"
								},
								{
									"key": "high",
									"value": "120",
									"type": "text",
									"disabled": true
								},
								{
									"key": "low",
									"value": "90",
									"type": "text",
									"disabled": true
								}
							]
						},
						"url": {
							"raw": "http://{{host}}:3000/measures/pressure",
							"protocol": "http",
							"host": [
								"{{host}}"
							],
							"port": "3000",
							"path": [
								"measures",
								"pressure"
							]
						}
					},
					"response": []
				}
			],
			"protocolProfileBehavior": {}
		},
		{
			"name": "TEST",
			"event": [
				{
					"listen": "test",
					"script": {
						"id": "5d848e82-e618-478b-b982-a82c8be229f9",
						"exec": [
							"var response = JSON.parse(pm.response.text())",
							"",
							"pm.environment.set(\"AuthToken\", response.access_token);",
							"pm.environment.set(\"RefreshToken\", response.refresh_token);"
						],
						"type": "text/javascript"
					}
				}
			],
			"request": {
				"method": "POST",
				"header": [
					{
						"key": "Content-Type",
						"value": "application/json",
						"type": "text"
					}
				],
				"body": {
					"mode": "raw",
					"raw": "{\r\n    \"username\": \"hkfuertes@gmail.com\",\r\n    \"password\": \"gorilafeliz\"\r\n}"
				},
				"url": {
					"raw": "https://tensionapp.herokuapp.com/auth",
					"protocol": "https",
					"host": [
						"tensionapp",
						"herokuapp",
						"com"
					],
					"path": [
						"auth"
					]
				}
			},
			"response": []
		}
	],
	"event": [
		{
			"listen": "prerequest",
			"script": {
				"id": "ac66c880-50eb-47c7-8376-7ecdf07d6060",
				"type": "text/javascript",
				"exec": [
					""
				]
			}
		},
		{
			"listen": "test",
			"script": {
				"id": "07f0017c-4fce-4f59-a6ef-23b5f4dec30a",
				"type": "text/javascript",
				"exec": [
					""
				]
			}
		}
	],
	"variable": [
		{
			"id": "e601bd16-4286-4c2d-8a66-439b552af44d",
			"key": "AuthToken",
			"value": "",
			"type": "string",
			"disabled": true
		}
	],
	"protocolProfileBehavior": {}
}