{
    "server":{
        "port": 3000
    },
    "database":{
        "username": "admin",
        "password": "",
        "database": "",
        "connection" : {
            "host": "",
            "port": 3306,
            "dialect": "mysql"
          }
    },
    "queueSystem":{
        "enabled": true,
        "rabbitmq":{
            "username": "",
            "password": "",
            "url": "",
            "vhost": ""
        },
        "queues":{
            "measures": "measure_queue"
        }
    },
    "jwt":{
        "secret": "",
        "refreshSecret":""
    }
}